latency,duration,type,marker_value,key,timestamp,marker_id
0.164071,15.000802,sensor_check,TRUE,-1,1664985294,1
0.164071,0,published_date,2022-10-04T16:40:36.327788Z,-1,1664985294,2
15.227377,2.398566,sound_check,TRUE,-1,1664985309,3
17.633755,51.323058,phase_Calibration_phase_1,34131,-1,1664985312,4
26.743618,15.000802,eyesopen_element_0ixi,NULL,-1,1664985321,5
47.713489,15.000802,eyesclose_element_t1zn,NULL,-1,1664985342,6
68.956813,38.392678,phase_Instructions_phase_1,34132,-1,1664985363,7
69.011503,19.743244,text_element_e4tq,NULL,-1,1664985363,8
88.754747,7.531653,image_element_7app,NULL,-1,1664985383,9
92.972143,0,keydown,NULL,32,1664985387,9
96.2864,3.898646,image_element_rzo2,NULL,-1,1664985391,10
100.185046,7.164445,text_element_w1f0,NULL,-1,1664985394,11
107.37293,797.089507,active_period,active_period,-1,1664985402,12
107.37293,0.789105,image_element_rare,rare,-1,1664985402,13
107.37293,798.777098,phase_Stimuli_phase_1,34133,-1,1664985402,14
108.162035,1.140686,gap_element,auto_generated,-1,1664985402,15
109.302721,0.796917,image_element_common,common,-1,1664985404,16
110.107451,0.843795,gap_element,auto_generated,-1,1664985404,17
110.951246,0.796918,image_element_common,common,-1,1664985405,18
111.755977,1.851661,gap_element,auto_generated,-1,1664985406,19
113.615451,0.796918,image_element_common,common,-1,1664985408,20
114.420182,1.601648,gap_element,auto_generated,-1,1664985409,21
116.02183,0.796918,image_element_common,common,-1,1664985410,22
116.826561,1.50008,gap_element,auto_generated,-1,1664985411,23
118.326641,0.796918,image_element_common,common,-1,1664985413,24
119.131371,1.875101,gap_element,auto_generated,-1,1664985413,25
121.006472,0.796917,image_element_common,common,-1,1664985415,26
121.811202,1.085996,gap_element,auto_generated,-1,1664985416,27
122.905011,0.796917,image_element_common,common,-1,1664985417,28
123.701928,1.226629,gap_element,auto_generated,-1,1664985418,29
124.928557,0.796917,image_element_common,common,-1,1664985419,30
125.733287,1.945417,gap_element,auto_generated,-1,1664985420,31
127.678704,0.796917,image_element_common,common,-1,1664985422,32
128.483434,1.25788,gap_element,auto_generated,-1,1664985423,33
129.741314,0.796917,image_element_common,common,-1,1664985424,34
130.546044,1.507893,gap_element,auto_generated,-1,1664985425,35
132.06175,0.796918,image_element_common,common,-1,1664985426,36
132.858668,0.929737,gap_element,auto_generated,-1,1664985427,37
133.796218,0.796918,image_element_common,common,-1,1664985428,38
134.593136,1.437577,gap_element,auto_generated,-1,1664985429,39
136.038526,0.796917,image_element_common,common,-1,1664985430,40
136.835443,1.539145,gap_element,auto_generated,-1,1664985431,41
138.382401,0.796918,image_element_common,common,-1,1664985433,42
139.179319,1.070369,gap_element,auto_generated,-1,1664985433,43
140.257501,0.796918,image_element_common,common,-1,1664985434,44
141.054419,1.695403,gap_element,auto_generated,-1,1664985435,45
142.757635,0.796918,image_element_common,common,-1,1664985437,46
143.554553,1.296944,gap_element,auto_generated,-1,1664985438,47
144.85931,0.789105,image_element_common,common,-1,1664985439,48
145.656228,1.265692,gap_element,auto_generated,-1,1664985440,49
146.92192,0.796918,image_element_common,common,-1,1664985441,50
147.726651,1.625087,gap_element,auto_generated,-1,1664985442,51
149.359551,0.796917,image_element_common,common,-1,1664985444,52
150.156468,1.179751,gap_element,auto_generated,-1,1664985444,53
151.344032,0.796918,image_element_rare,rare,-1,1664985446,54
151.995143,0,keydown,rare,32,1664985446,54
152.14095,1.750093,gap_element,auto_generated,-1,1664985446,55
153.891043,0.796918,image_element_common,common,-1,1664985448,56
154.695774,0.828169,gap_element,auto_generated,-1,1664985449,57
155.531756,0.796917,image_element_rare,rare,-1,1664985450,58
156.105143,0,keydown,rare,32,1664985450,58
156.336486,1.82041,gap_element,auto_generated,-1,1664985451,59
158.156896,0.796918,image_element_rare,rare,-1,1664985452,60
158.751143,0,keydown,rare,32,1664985453,60
158.961627,1.406325,gap_element,auto_generated,-1,1664985453,61
160.375765,0.796918,image_element_common,common,-1,1664985455,62
161.172683,1.820409,gap_element,auto_generated,-1,1664985455,63
163.000905,0.796918,image_element_rare,rare,-1,1664985457,64
163.617143,0,keydown,rare,32,1664985458,64
163.805636,1.507893,gap_element,auto_generated,-1,1664985458,65
165.321342,0.796917,image_element_common,common,-1,1664985460,66
166.126072,1.375074,gap_element,auto_generated,-1,1664985460,67
167.508959,0.796918,image_element_common,common,-1,1664985462,68
168.305877,1.164124,gap_element,auto_generated,-1,1664985463,69
169.477814,0.796918,image_element_common,common,-1,1664985464,70
170.282545,0.867234,gap_element,auto_generated,-1,1664985465,71
171.157592,0.789104,image_element_common,common,-1,1664985465,72
171.954509,0.945363,gap_element,auto_generated,-1,1664985466,73
172.907685,0.796918,image_element_common,common,-1,1664985467,74
173.704603,1.164125,gap_element,auto_generated,-1,1664985468,75
174.87654,0.796918,image_element_common,common,-1,1664985469,76
175.673458,1.68759,gap_element,auto_generated,-1,1664985470,77
177.368861,0.796918,image_element_rare,rare,-1,1664985472,78
177.888143,0,keydown,rare,32,1664985472,78
178.165779,1.742281,gap_element,auto_generated,-1,1664985472,79
179.915872,0.796918,image_element_common,common,-1,1664985474,80
180.720603,1.054744,gap_element,auto_generated,-1,1664985475,81
181.775347,0.796917,image_element_common,common,-1,1664985476,82
182.580077,0.992241,gap_element,auto_generated,-1,1664985477,83
183.580131,0.796918,image_element_common,common,-1,1664985478,84
184.377049,1.156312,gap_element,auto_generated,-1,1664985479,85
185.541173,0.796918,image_element_common,common,-1,1664985480,86
186.338091,1.586022,gap_element,auto_generated,-1,1664985481,87
187.931926,0.789105,image_element_rare,rare,-1,1664985482,88
188.444143,0,keydown,rare,32,1664985483,88
188.728844,1.648525,gap_element,auto_generated,-1,1664985483,89
190.377369,0.796918,image_element_common,common,-1,1664985485,90
191.1821,1.421951,gap_element,auto_generated,-1,1664985485,91
192.611864,0.789105,image_element_common,common,-1,1664985487,92
193.408782,1.265692,gap_element,auto_generated,-1,1664985488,93
194.682287,0.789105,image_element_common,common,-1,1664985489,94
195.479205,1.734468,gap_element,auto_generated,-1,1664985490,95
197.221486,0.796917,image_element_common,common,-1,1664985491,96
198.018403,1.281319,gap_element,auto_generated,-1,1664985492,97
199.307535,0.789104,image_element_common,common,-1,1664985494,98
200.104452,1.367261,gap_element,auto_generated,-1,1664985494,99
201.479526,0.796918,image_element_common,common,-1,1664985496,100
202.284256,1.031306,gap_element,auto_generated,-1,1664985497,101
203.323374,0.789105,image_element_rare,rare,-1,1664985498,102
203.800143,0,keydown,rare,32,1664985498,102
204.120292,1.773532,gap_element,auto_generated,-1,1664985498,103
205.893824,0.804731,image_element_common,common,-1,1664985500,104
206.698555,1.601648,gap_element,auto_generated,-1,1664985501,105
208.308016,0.789105,image_element_common,common,-1,1664985503,106
209.104934,1.000053,gap_element,auto_generated,-1,1664985503,107
210.1128,0.789105,image_element_common,common,-1,1664985504,108
210.909718,0.953176,gap_element,auto_generated,-1,1664985505,109
211.870707,0.789104,image_element_common,common,-1,1664985506,110
212.667624,1.6329,gap_element,auto_generated,-1,1664985507,111
214.308337,0.789105,image_element_common,common,-1,1664985509,112
215.105254,1.218816,gap_element,auto_generated,-1,1664985509,113
216.331883,0.789104,image_element_common,common,-1,1664985511,114
217.1288,1.007867,gap_element,auto_generated,-1,1664985511,115
218.14448,0.789104,image_element_rare,rare,-1,1664985512,116
218.635143,0,keydown,rare,32,1664985513,116
218.941397,0.82817,gap_element,auto_generated,-1,1664985513,117
219.77738,0.796917,image_element_common,common,-1,1664985514,118
220.58211,0.812543,gap_element,auto_generated,-1,1664985515,119
221.402466,0.789105,image_element_common,common,-1,1664985516,120
222.199384,1.828223,gap_element,auto_generated,-1,1664985516,121
224.03542,0.796917,image_element_rare,rare,-1,1664985518,122
224.566143,0,keydown,rare,32,1664985519,122
224.84015,1.586023,gap_element,auto_generated,-1,1664985519,123
226.433986,0.796917,image_element_common,common,-1,1664985521,124
227.238716,1.171938,gap_element,auto_generated,-1,1664985521,125
228.418467,0.796917,image_element_common,common,-1,1664985523,126
229.223197,0.906299,gap_element,auto_generated,-1,1664985523,127
230.137309,0.789104,image_element_common,common,-1,1664985524,128
230.934226,1.281319,gap_element,auto_generated,-1,1664985525,129
232.223358,0.789104,image_element_common,common,-1,1664985526,130
233.020275,1.054744,gap_element,auto_generated,-1,1664985527,131
234.082832,0.796918,image_element_common,common,-1,1664985528,132
234.887563,1.804784,gap_element,auto_generated,-1,1664985529,133
236.70016,0.789104,image_element_common,common,-1,1664985531,134
237.497077,1.31257,gap_element,auto_generated,-1,1664985532,135
238.81746,0.789105,image_element_common,common,-1,1664985533,136
239.614378,1.468828,gap_element,auto_generated,-1,1664985534,137
241.091019,0.796918,image_element_common,common,-1,1664985535,138
241.89575,1.695403,gap_element,auto_generated,-1,1664985536,139
243.598966,0.796918,image_element_common,common,-1,1664985538,140
244.403697,1.273505,gap_element,auto_generated,-1,1664985539,141
245.685015,0.789105,image_element_rare,rare,-1,1664985540,142
246.261143,0,keydown,rare,32,1664985540,142
246.481933,1.968855,gap_element,auto_generated,-1,1664985541,143
248.458601,0.796917,image_element_common,common,-1,1664985543,144
249.263331,1.789159,gap_element,auto_generated,-1,1664985544,145
251.060303,0.789104,image_element_common,common,-1,1664985545,146
251.85722,1.195377,gap_element,auto_generated,-1,1664985546,147
253.06041,0.796917,image_element_common,common,-1,1664985547,148
253.86514,1.007867,gap_element,auto_generated,-1,1664985548,149
254.880819,0.789105,image_element_rare,rare,-1,1664985549,150
255.386143,0,keydown,rare,32,1664985550,150
255.677737,1.711029,gap_element,auto_generated,-1,1664985550,151
257.396579,0.789105,image_element_common,common,-1,1664985552,152
258.193497,1.203189,gap_element,auto_generated,-1,1664985552,153
259.404499,0.796918,image_element_common,common,-1,1664985554,154
260.20923,0.835982,gap_element,auto_generated,-1,1664985554,155
261.053025,0.789104,image_element_common,common,-1,1664985555,156
261.849942,1.273506,gap_element,auto_generated,-1,1664985556,157
263.131261,0.796917,image_element_common,common,-1,1664985557,158
263.935991,1.836036,gap_element,auto_generated,-1,1664985558,159
265.77984,0.796917,image_element_common,common,-1,1664985560,160
266.58457,1.929791,gap_element,auto_generated,-1,1664985561,161
268.529987,0.789105,image_element_common,common,-1,1664985563,162
269.326905,1.671964,gap_element,auto_generated,-1,1664985564,163
271.006682,0.796918,image_element_common,common,-1,1664985565,164
271.811412,1.492268,gap_element,auto_generated,-1,1664985566,165
273.311493,0.796917,image_element_rare,rare,-1,1664985568,166
273.907143,0,keydown,rare,32,1664985568,166
274.116223,1.734468,gap_element,auto_generated,-1,1664985568,167
275.858504,0.796918,image_element_common,common,-1,1664985570,168
276.663235,0.796917,gap_element,auto_generated,-1,1664985571,169
277.467965,0.796918,image_element_common,common,-1,1664985572,170
278.272696,1.039118,gap_element,auto_generated,-1,1664985573,171
279.319627,0.796917,image_element_common,common,-1,1664985574,172
280.124357,1.992294,gap_element,auto_generated,-1,1664985574,173
282.124464,0.789105,image_element_common,common,-1,1664985576,174
282.921382,1.242254,gap_element,auto_generated,-1,1664985577,175
284.171449,0.789104,image_element_common,common,-1,1664985578,176
284.968366,1.921978,gap_element,auto_generated,-1,1664985579,177
286.90597,0.789105,image_element_common,common,-1,1664985581,178
287.702887,1.531332,gap_element,auto_generated,-1,1664985582,179
289.242032,0.789105,image_element_common,common,-1,1664985583,180
290.046763,0.953176,gap_element,auto_generated,-1,1664985584,181
291.015565,0.789104,image_element_common,common,-1,1664985585,182
291.812482,1.468829,gap_element,auto_generated,-1,1664985586,183
293.296937,0.789104,image_element_rare,rare,-1,1664985588,184
293.854143,0,keydown,rare,32,1664985588,184
294.093854,1.796971,gap_element,auto_generated,-1,1664985588,185
295.898638,0.796918,image_element_common,common,-1,1664985590,186
296.703369,0.80473,gap_element,auto_generated,-1,1664985591,187
297.515912,0.796918,image_element_common,common,-1,1664985592,188
298.320643,1.195376,gap_element,auto_generated,-1,1664985593,189
299.523832,0.796918,image_element_rare,rare,-1,1664985594,190
300.089143,0,keydown,rare,32,1664985594,190
300.328563,1.304757,gap_element,auto_generated,-1,1664985595,191
301.641133,0.796918,image_element_common,common,-1,1664985596,192
302.445864,1.101621,gap_element,auto_generated,-1,1664985597,193
303.555298,0.796917,image_element_rare,rare,-1,1664985598,194
304.134143,0,keydown,rare,32,1664985598,194
304.360028,1.507893,gap_element,auto_generated,-1,1664985599,195
305.875734,0.796918,image_element_common,common,-1,1664985600,196
306.680465,1.398512,gap_element,auto_generated,-1,1664985601,197
308.08679,0.796918,image_element_common,common,-1,1664985602,198
308.891521,1.789158,gap_element,auto_generated,-1,1664985603,199
310.688492,0.796918,image_element_common,common,-1,1664985605,200
311.493222,1.57821,gap_element,auto_generated,-1,1664985606,201
313.079245,0.789104,image_element_common,common,-1,1664985607,202
313.876162,1.01568,gap_element,auto_generated,-1,1664985608,203
314.907467,0.789105,image_element_common,common,-1,1664985609,204
315.704385,1.992294,gap_element,auto_generated,-1,1664985610,205
317.704492,0.789105,image_element_common,common,-1,1664985612,206
318.50141,1.211002,gap_element,auto_generated,-1,1664985613,207
319.728038,0.789105,image_element_common,common,-1,1664985614,208
320.524955,1.828223,gap_element,auto_generated,-1,1664985615,209
322.360991,0.789105,image_element_common,common,-1,1664985617,210
323.157909,0.968801,gap_element,auto_generated,-1,1664985617,211
324.134523,0.796918,image_element_common,common,-1,1664985618,212
324.939254,1.851662,gap_element,auto_generated,-1,1664985619,213
326.798729,0.796917,image_element_common,common,-1,1664985621,214
327.603459,1.742281,gap_element,auto_generated,-1,1664985622,215
329.353553,0.789104,image_element_common,common,-1,1664985624,216
330.15047,1.562584,gap_element,auto_generated,-1,1664985624,217
331.72868,0.789104,image_element_common,common,-1,1664985626,218
332.525597,1.351635,gap_element,auto_generated,-1,1664985627,219
333.885045,0.789105,image_element_common,common,-1,1664985628,220
334.681963,1.953229,gap_element,auto_generated,-1,1664985629,221
336.650818,0.789105,image_element_common,common,-1,1664985631,222
337.455548,1.359448,gap_element,auto_generated,-1,1664985632,223
338.822809,0.789105,image_element_common,common,-1,1664985633,224
339.619727,1.718842,gap_element,auto_generated,-1,1664985634,225
341.354194,0.789105,image_element_rare,rare,-1,1664985636,226
341.861143,0,keydown,rare,32,1664985636,226
342.158925,1.742281,gap_element,auto_generated,-1,1664985636,227
343.909019,0.789104,image_element_rare,rare,-1,1664985638,228
344.568143,0,keydown,rare,32,1664985639,228
344.713749,1.757907,gap_element,auto_generated,-1,1664985639,229
346.479469,0.796917,image_element_common,common,-1,1664985641,230
347.284199,1.961042,gap_element,auto_generated,-1,1664985642,231
349.253054,0.796918,image_element_rare,rare,-1,1664985643,232
349.836143,0,keydown,rare,32,1664985644,232
350.057785,0.812543,gap_element,auto_generated,-1,1664985644,233
350.878141,0.796918,image_element_common,common,-1,1664985645,234
351.682872,1.304757,gap_element,auto_generated,-1,1664985646,235
353.003255,0.789105,image_element_common,common,-1,1664985647,236
353.807986,1.007866,gap_element,auto_generated,-1,1664985648,237
354.823665,0.789105,image_element_common,common,-1,1664985649,238
355.620582,1.882914,gap_element,auto_generated,-1,1664985650,239
357.511309,0.789104,image_element_rare,rare,-1,1664985652,240
358.071143,0,keydown,rare,32,1664985652,240
358.316039,1.648526,gap_element,auto_generated,-1,1664985653,241
359.980191,0.789104,image_element_common,common,-1,1664985654,242
360.777108,1.687591,gap_element,auto_generated,-1,1664985655,243
362.472512,0.789104,image_element_common,common,-1,1664985657,244
363.277242,0.929737,gap_element,auto_generated,-1,1664985658,245
364.214792,0.789105,image_element_common,common,-1,1664985658,246
365.019523,1.546957,gap_element,auto_generated,-1,1664985659,247
366.574293,0.789105,image_element_common,common,-1,1664985661,248
367.379024,1.828223,gap_element,auto_generated,-1,1664985662,249
369.21506,0.789104,image_element_common,common,-1,1664985663,250
370.01979,1.101622,gap_element,auto_generated,-1,1664985664,251
371.129225,0.789104,image_element_common,common,-1,1664985665,252
371.933955,1.515706,gap_element,auto_generated,-1,1664985666,253
373.465287,0.789105,image_element_common,common,-1,1664985668,254
374.262204,1.609462,gap_element,auto_generated,-1,1664985668,255
375.879479,0.789104,image_element_common,common,-1,1664985670,256
376.676396,1.789158,gap_element,auto_generated,-1,1664985671,257
378.48118,0.789105,image_element_common,common,-1,1664985673,258
379.278098,0.976615,gap_element,auto_generated,-1,1664985674,259
380.262525,0.789105,image_element_common,common,-1,1664985674,260
381.067256,1.914165,gap_element,auto_generated,-1,1664985675,261
382.997047,0.789104,image_element_common,common,-1,1664985677,262
383.793964,0.796918,gap_element,auto_generated,-1,1664985678,263
384.606508,0.789105,image_element_common,common,-1,1664985679,264
385.411238,1.976669,gap_element,auto_generated,-1,1664985680,265
387.39572,0.789104,image_element_common,common,-1,1664985682,266
388.20045,1.781345,gap_element,auto_generated,-1,1664985682,267
389.997421,0.789105,image_element_common,common,-1,1664985684,268
390.794339,1.515706,gap_element,auto_generated,-1,1664985685,269
392.317858,0.789105,image_element_common,common,-1,1664985687,270
393.122588,1.703216,gap_element,auto_generated,-1,1664985687,271
394.84143,0.789105,image_element_common,common,-1,1664985689,272
395.638348,1.679777,gap_element,auto_generated,-1,1664985690,273
397.325938,0.796918,image_element_common,common,-1,1664985692,274
398.130669,1.406325,gap_element,auto_generated,-1,1664985692,275
399.55262,0.789104,image_element_common,common,-1,1664985694,276
400.349537,1.382887,gap_element,auto_generated,-1,1664985695,277
401.74805,0.789104,image_element_rare,rare,-1,1664985696,278
402.337143,0,keydown,rare,32,1664985697,278
402.55278,0.789105,gap_element,auto_generated,-1,1664985697,279
403.349698,0.789105,image_element_common,common,-1,1664985698,280
404.154428,1.664152,gap_element,auto_generated,-1,1664985698,281
405.826393,0.789104,image_element_common,common,-1,1664985700,282
406.62331,0.906299,gap_element,auto_generated,-1,1664985701,283
407.537422,0.789104,image_element_common,common,-1,1664985702,284
408.342152,1.211003,gap_element,auto_generated,-1,1664985703,285
409.560968,0.789104,image_element_common,common,-1,1664985704,286
410.365698,0.960989,gap_element,auto_generated,-1,1664985705,287
411.342313,0.789105,image_element_common,common,-1,1664985706,288
412.147043,1.031305,gap_element,auto_generated,-1,1664985706,289
413.186161,0.789105,image_element_rare,rare,-1,1664985707,290
413.730143,0,keydown,rare,32,1664985708,290
413.990892,1.12506,gap_element,auto_generated,-1,1664985708,291
415.131578,0.781292,image_element_common,common,-1,1664985709,292
415.928495,1.601649,gap_element,auto_generated,-1,1664985710,293
417.54577,0.789104,image_element_common,common,-1,1664985712,294
418.3505,0.953176,gap_element,auto_generated,-1,1664985713,295
419.319302,0.789105,image_element_common,common,-1,1664985714,296
420.11622,1.31257,gap_element,auto_generated,-1,1664985714,297
421.444416,0.789104,image_element_rare,rare,-1,1664985716,298
421.957143,0,keydown,rare,32,1664985716,298
422.241333,1.828223,gap_element,auto_generated,-1,1664985716,299
424.085182,0.781292,image_element_rare,rare,-1,1664985718,300
424.687143,0,keydown,rare,32,1664985719,300
424.882099,0.835983,gap_element,auto_generated,-1,1664985719,301
425.725895,0.796917,image_element_rare,rare,-1,1664985720,302
426.390143,0,keydown,rare,32,1664985721,302
426.530625,1.336009,gap_element,auto_generated,-1,1664985721,303
427.874447,0.789105,image_element_common,common,-1,1664985722,304
428.679178,1.250066,gap_element,auto_generated,-1,1664985723,305
429.937057,0.789105,image_element_common,common,-1,1664985724,306
430.741788,1.429764,gap_element,auto_generated,-1,1664985725,307
432.187178,0.789104,image_element_common,common,-1,1664985726,308
432.991908,0.93755,gap_element,auto_generated,-1,1664985727,309
433.937271,0.789105,image_element_common,common,-1,1664985728,310
434.742002,1.359448,gap_element,auto_generated,-1,1664985729,311
436.117075,0.789105,image_element_common,common,-1,1664985730,312
436.921806,0.867234,gap_element,auto_generated,-1,1664985731,313
437.796853,0.789104,image_element_common,common,-1,1664985732,314
438.601583,1.804784,gap_element,auto_generated,-1,1664985733,315
440.421993,0.781292,image_element_common,common,-1,1664985735,316
441.218911,1.398512,gap_element,auto_generated,-1,1664985735,317
442.633049,0.789105,image_element_common,common,-1,1664985737,318
443.437779,1.234442,gap_element,auto_generated,-1,1664985738,319
444.687846,0.781292,image_element_rare,rare,-1,1664985739,320
445.245143,0,keydown,rare,32,1664985739,320
445.484764,1.31257,gap_element,auto_generated,-1,1664985740,321
446.81296,0.789105,image_element_rare,rare,-1,1664985741,322
447.385143,0,keydown,rare,32,1664985742,322
447.609878,0.984427,gap_element,auto_generated,-1,1664985742,323
448.609931,0.781292,image_element_common,common,-1,1664985743,324
449.406849,1.078182,gap_element,auto_generated,-1,1664985744,325
450.500657,0.789105,image_element_common,common,-1,1664985745,326
451.305388,1.929791,gap_element,auto_generated,-1,1664985746,327
453.250804,0.789105,image_element_rare,rare,-1,1664985747,328
453.875143,0,keydown,rare,32,1664985748,328
454.055535,0.953176,gap_element,auto_generated,-1,1664985748,329
455.016524,0.789104,image_element_common,common,-1,1664985749,330
455.821254,1.148499,gap_element,auto_generated,-1,1664985750,331
456.977566,0.789105,image_element_common,common,-1,1664985751,332
457.782297,0.882859,gap_element,auto_generated,-1,1664985752,333
458.680782,0.789105,image_element_common,common,-1,1664985753,334
459.485513,1.968855,gap_element,auto_generated,-1,1664985754,335
461.469994,0.789105,image_element_common,common,-1,1664985756,336
462.274724,0.890673,gap_element,auto_generated,-1,1664985757,337
463.181023,0.781292,image_element_common,common,-1,1664985757,338
463.97794,1.773533,gap_element,auto_generated,-1,1664985758,339
465.767099,0.781291,image_element_common,common,-1,1664985760,340
466.564016,1.921978,gap_element,auto_generated,-1,1664985761,341
468.50162,0.789105,image_element_common,common,-1,1664985763,342
469.298538,1.914164,gap_element,auto_generated,-1,1664985764,343
471.228328,0.781292,image_element_common,common,-1,1664985765,344
472.025246,1.664151,gap_element,auto_generated,-1,1664985766,345
473.705023,0.781292,image_element_common,common,-1,1664985768,346
474.501941,1.968855,gap_element,auto_generated,-1,1664985769,347
476.486422,0.789105,image_element_common,common,-1,1664985771,348
477.291153,1.156311,gap_element,auto_generated,-1,1664985772,349
478.46309,0.789105,image_element_common,common,-1,1664985773,350
479.267821,1.851661,gap_element,auto_generated,-1,1664985774,351
481.135108,0.781292,image_element_common,common,-1,1664985775,352
481.932026,1.289131,gap_element,auto_generated,-1,1664985776,353
483.236783,0.789105,image_element_common,common,-1,1664985777,354
484.041514,1.734467,gap_element,auto_generated,-1,1664985778,355
485.783794,0.789105,image_element_common,common,-1,1664985780,356
486.588525,1.906352,gap_element,auto_generated,-1,1664985781,357
488.510503,0.781291,image_element_common,common,-1,1664985783,358
489.30742,0.93755,gap_element,auto_generated,-1,1664985784,359
490.260596,0.789105,image_element_rare,rare,-1,1664985784,360
490.910143,0,keydown,rare,32,1664985785,360
491.065327,0.968801,gap_element,auto_generated,-1,1664985785,361
492.049754,0.789105,image_element_rare,rare,-1,1664985786,362
492.599143,0,keydown,rare,32,1664985787,362
492.846672,1.726655,gap_element,auto_generated,-1,1664985787,363
494.588953,0.789104,image_element_common,common,-1,1664985789,364
495.393683,1.914165,gap_element,auto_generated,-1,1664985790,365
497.323474,0.789105,image_element_common,common,-1,1664985792,366
498.128204,1.507894,gap_element,auto_generated,-1,1664985792,367
499.651723,0.789105,image_element_common,common,-1,1664985794,368
500.456454,1.750094,gap_element,auto_generated,-1,1664985795,369
502.222174,0.789104,image_element_common,common,-1,1664985796,370
503.026904,1.507893,gap_element,auto_generated,-1,1664985797,371
504.550423,0.789105,image_element_common,common,-1,1664985799,372
505.355154,0.85942,gap_element,auto_generated,-1,1664985800,373
506.2302,0.796918,image_element_rare,rare,-1,1664985800,374
506.768143,0,keydown,rare,32,1664985801,374
507.042744,1.890726,gap_element,auto_generated,-1,1664985801,375
508.949096,0.781292,image_element_common,common,-1,1664985803,376
509.746013,0.789105,gap_element,auto_generated,-1,1664985804,377
510.550744,0.781292,image_element_common,common,-1,1664985805,378
511.347662,1.765719,gap_element,auto_generated,-1,1664985806,379
513.129007,0.789105,image_element_common,common,-1,1664985807,380
513.933737,0.898486,gap_element,auto_generated,-1,1664985808,381
514.847849,0.789104,image_element_common,common,-1,1664985809,382
515.652579,1.546958,gap_element,auto_generated,-1,1664985810,383
517.215163,0.789105,image_element_common,common,-1,1664985811,384
518.019893,0.929738,gap_element,auto_generated,-1,1664985812,385
518.965257,0.789104,image_element_common,common,-1,1664985813,386
519.769987,1.109434,gap_element,auto_generated,-1,1664985814,387
520.895047,0.789105,image_element_common,common,-1,1664985815,388
521.699778,1.703216,gap_element,auto_generated,-1,1664985816,389
523.41862,0.781291,image_element_rare,rare,-1,1664985818,390
523.962143,0,keydown,rare,32,1664985818,390
524.215537,1.875101,gap_element,auto_generated,-1,1664985818,391
526.106263,0.789105,image_element_common,common,-1,1664985820,392
526.910994,1.203189,gap_element,auto_generated,-1,1664985821,393
528.129809,0.789105,image_element_common,common,-1,1664985822,394
528.93454,0.835982,gap_element,auto_generated,-1,1664985823,395
529.786148,0.789104,image_element_common,common,-1,1664985824,396
530.590878,1.132873,gap_element,auto_generated,-1,1664985825,397
531.739377,0.781292,image_element_common,common,-1,1664985826,398
532.536295,1.226628,gap_element,auto_generated,-1,1664985827,399
533.778549,0.789104,image_element_common,common,-1,1664985828,400
534.583279,1.484455,gap_element,auto_generated,-1,1664985829,401
536.08336,0.789104,image_element_common,common,-1,1664985830,402
536.88809,1.187564,gap_element,auto_generated,-1,1664985831,403
538.091279,0.789105,image_element_common,common,-1,1664985832,404
538.89601,1.515706,gap_element,auto_generated,-1,1664985833,405
540.427342,0.781292,image_element_common,common,-1,1664985835,406
541.224259,0.921925,gap_element,auto_generated,-1,1664985835,407
542.16181,0.789104,image_element_common,common,-1,1664985836,408
542.96654,1.078183,gap_element,auto_generated,-1,1664985837,409
544.060349,0.789104,image_element_common,common,-1,1664985838,410
544.865079,1.76572,gap_element,auto_generated,-1,1664985839,411
546.646425,0.781291,image_element_common,common,-1,1664985841,412
547.443342,1.093809,gap_element,auto_generated,-1,1664985842,413
548.552776,0.789105,image_element_common,common,-1,1664985843,414
549.357507,1.351635,gap_element,auto_generated,-1,1664985844,415
550.73258,0.781292,image_element_common,common,-1,1664985845,416
551.529498,1.703216,gap_element,auto_generated,-1,1664985846,417
553.24834,0.789105,image_element_common,common,-1,1664985847,418
554.053071,1.054744,gap_element,auto_generated,-1,1664985848,419
555.12344,0.781292,image_element_common,common,-1,1664985849,420
555.920358,1.015679,gap_element,auto_generated,-1,1664985850,421
556.951663,0.789105,image_element_common,common,-1,1664985851,422
557.756394,1.679777,gap_element,auto_generated,-1,1664985852,423
559.451797,0.789105,image_element_common,common,-1,1664985854,424
560.256527,1.750094,gap_element,auto_generated,-1,1664985854,425
562.022247,0.781292,image_element_common,common,-1,1664985856,426
562.819165,1.375073,gap_element,auto_generated,-1,1664985857,427
564.217677,0.781292,image_element_rare,rare,-1,1664985858,428
564.796143,0,keydown,rare,32,1664985859,428
565.014594,1.320383,gap_element,auto_generated,-1,1664985859,429
566.350603,0.789105,image_element_common,common,-1,1664985861,430
567.155334,1.937604,gap_element,auto_generated,-1,1664985861,431
569.108563,0.789105,image_element_common,common,-1,1664985863,432
569.913294,1.109434,gap_element,auto_generated,-1,1664985864,433
571.038354,0.789105,image_element_common,common,-1,1664985865,434
571.843085,1.31257,gap_element,auto_generated,-1,1664985866,435
573.171281,0.781291,image_element_common,common,-1,1664985867,436
573.968198,1.843849,gap_element,auto_generated,-1,1664985868,437
575.827673,0.789104,image_element_rare,rare,-1,1664985870,438
576.341143,0,keydown,rare,32,1664985871,438
576.632403,1.57821,gap_element,auto_generated,-1,1664985871,439
578.234052,0.781291,image_element_common,common,-1,1664985872,440
579.030969,1.085996,gap_element,auto_generated,-1,1664985873,441
580.132591,0.781291,image_element_rare,rare,-1,1664985874,442
580.667143,0,keydown,rare,32,1664985875,442
580.937321,0.960989,gap_element,auto_generated,-1,1664985875,443
581.913936,0.781291,image_element_rare,rare,-1,1664985876,444
582.485143,0,keydown,rare,32,1664985877,444
582.718666,1.875101,gap_element,auto_generated,-1,1664985877,445
584.609392,0.789105,image_element_common,common,-1,1664985879,446
585.414123,0.984428,gap_element,auto_generated,-1,1664985880,447
586.414177,0.789104,image_element_common,common,-1,1664985881,448
587.218907,1.984481,gap_element,auto_generated,-1,1664985881,449
589.219014,0.781292,image_element_common,common,-1,1664985883,450
590.015932,0.890672,gap_element,auto_generated,-1,1664985884,451
590.930043,0.781292,image_element_rare,rare,-1,1664985885,452
591.488143,0,keydown,rare,32,1664985886,452
591.726961,0.812543,gap_element,auto_generated,-1,1664985886,453
592.562943,0.781292,image_element_common,common,-1,1664985887,454
593.35986,1.437577,gap_element,auto_generated,-1,1664985888,455
594.820876,0.781292,image_element_common,common,-1,1664985889,456
595.617794,0.984427,gap_element,auto_generated,-1,1664985890,457
596.617847,0.781292,image_element_common,common,-1,1664985891,458
597.422578,1.539145,gap_element,auto_generated,-1,1664985892,459
598.977348,0.781292,image_element_common,common,-1,1664985893,460
599.782079,1.531332,gap_element,auto_generated,-1,1664985894,461
601.329037,0.781291,image_element_common,common,-1,1664985896,462
602.133767,1.890726,gap_element,auto_generated,-1,1664985896,463
604.040119,0.781292,image_element_common,common,-1,1664985898,464
604.84485,1.273505,gap_element,auto_generated,-1,1664985899,465
606.133981,0.781292,image_element_rare,rare,-1,1664985900,466
606.714143,0,keydown,rare,32,1664985901,466
606.930899,1.343822,gap_element,auto_generated,-1,1664985901,467
608.290346,0.781292,image_element_common,common,-1,1664985903,468
609.087264,1.203189,gap_element,auto_generated,-1,1664985903,469
610.313892,0.781292,image_element_common,common,-1,1664985905,470
611.11081,1.296944,gap_element,auto_generated,-1,1664985905,471
612.42338,0.781292,image_element_common,common,-1,1664985907,472
613.228111,1.046931,gap_element,auto_generated,-1,1664985907,473
614.290667,0.781292,image_element_common,common,-1,1664985909,474
615.095398,1.468828,gap_element,auto_generated,-1,1664985909,475
616.579852,0.781292,image_element_common,common,-1,1664985911,476
617.384583,1.132873,gap_element,auto_generated,-1,1664985912,477
618.533082,0.789105,image_element_rare,rare,-1,1664985913,478
619.089143,0,keydown,rare,32,1664985913,478
619.337812,1.265693,gap_element,auto_generated,-1,1664985914,479
620.619131,0.781292,image_element_common,common,-1,1664985915,480
621.423862,1.898538,gap_element,auto_generated,-1,1664985916,481
623.338026,0.789105,image_element_common,common,-1,1664985918,482
624.142757,0.859421,gap_element,auto_generated,-1,1664985918,483
625.017804,0.789104,image_element_common,common,-1,1664985919,484
625.822534,1.195377,gap_element,auto_generated,-1,1664985920,485
627.041349,0.781292,image_element_common,common,-1,1664985921,486
627.838267,1.429764,gap_element,auto_generated,-1,1664985922,487
629.283657,0.781292,image_element_rare,rare,-1,1664985924,488
629.862143,0,keydown,rare,32,1664985924,488
630.088387,1.484455,gap_element,auto_generated,-1,1664985924,489
631.596281,0.781291,image_element_common,common,-1,1664985926,490
632.393198,0.890673,gap_element,auto_generated,-1,1664985927,491
633.307309,0.781292,image_element_common,common,-1,1664985928,492
634.11204,1.12506,gap_element,auto_generated,-1,1664985928,493
635.252726,0.789105,image_element_common,common,-1,1664985929,494
636.057457,0.976614,gap_element,auto_generated,-1,1664985930,495
637.049697,0.781292,image_element_common,common,-1,1664985931,496
637.846615,1.711029,gap_element,auto_generated,-1,1664985932,497
639.581083,0.781291,image_element_common,common,-1,1664985934,498
640.385813,1.796971,gap_element,auto_generated,-1,1664985935,499
642.206223,0.781292,image_element_common,common,-1,1664985936,500
643.010953,0.875047,gap_element,auto_generated,-1,1664985937,501
643.909439,0.781292,image_element_common,common,-1,1664985938,502
644.71417,0.929737,gap_element,auto_generated,-1,1664985939,503
645.659533,0.781292,image_element_common,common,-1,1664985940,504
646.464263,1.648526,gap_element,auto_generated,-1,1664985941,505
648.136228,0.781291,image_element_rare,rare,-1,1664985942,506
648.704143,0,keydown,rare,32,1664985943,506
648.933145,1.601648,gap_element,auto_generated,-1,1664985943,507
650.558232,0.773479,image_element_common,common,-1,1664985945,508
651.35515,0.960989,gap_element,auto_generated,-1,1664985946,509
652.339577,0.781292,image_element_common,common,-1,1664985947,510
653.136495,1.44539,gap_element,auto_generated,-1,1664985947,511
654.605324,0.781291,image_element_common,common,-1,1664985949,512
655.410054,0.890673,gap_element,auto_generated,-1,1664985950,513
656.324166,0.781291,image_element_common,common,-1,1664985951,514
657.121083,1.789158,gap_element,auto_generated,-1,1664985951,515
658.925867,0.781292,image_element_common,common,-1,1664985953,516
659.730598,1.546958,gap_element,auto_generated,-1,1664985954,517
661.293181,0.789105,image_element_common,common,-1,1664985956,518
662.097912,1.195376,gap_element,auto_generated,-1,1664985956,519
663.316727,0.781292,image_element_rare,rare,-1,1664985958,520
663.915143,0,keydown,rare,32,1664985958,520
664.113645,1.218815,gap_element,auto_generated,-1,1664985958,521
665.355899,0.781291,image_element_common,common,-1,1664985960,522
666.160629,1.617274,gap_element,auto_generated,-1,1664985960,523
667.793529,0.789105,image_element_common,common,-1,1664985962,524
668.59826,1.906352,gap_element,auto_generated,-1,1664985963,525
670.520237,0.789105,image_element_rare,rare,-1,1664985965,526
671.109143,0,keydown,rare,32,1664985965,526
671.324968,1.406325,gap_element,auto_generated,-1,1664985966,527
672.754732,0.781292,image_element_common,common,-1,1664985967,528
673.551649,0.789105,gap_element,auto_generated,-1,1664985968,529
674.364193,0.781292,image_element_common,common,-1,1664985969,530
675.16111,1.085996,gap_element,auto_generated,-1,1664985969,531
676.270545,0.781292,image_element_common,common,-1,1664985971,532
677.067463,1.50008,gap_element,auto_generated,-1,1664985971,533
678.590982,0.781291,image_element_rare,rare,-1,1664985973,534
679.105143,0,keydown,rare,32,1664985973,534
679.387899,1.750094,gap_element,auto_generated,-1,1664985974,535
681.153619,0.781291,image_element_common,common,-1,1664985975,536
681.958349,1.828223,gap_element,auto_generated,-1,1664985976,537
683.802198,0.781291,image_element_common,common,-1,1664985978,538
684.606928,1.320383,gap_element,auto_generated,-1,1664985979,539
685.95075,0.781292,image_element_common,common,-1,1664985980,540
686.755481,1.25788,gap_element,auto_generated,-1,1664985981,541
688.028986,0.781292,image_element_common,common,-1,1664985982,542
688.833717,0.93755,gap_element,auto_generated,-1,1664985983,543
689.794706,0.781292,image_element_common,common,-1,1664985984,544
690.599436,0.812544,gap_element,auto_generated,-1,1664985985,545
691.435418,0.781292,image_element_common,common,-1,1664985986,546
692.232336,0.921924,gap_element,auto_generated,-1,1664985986,547
693.177699,0.773479,image_element_common,common,-1,1664985987,548
693.974617,1.336009,gap_element,auto_generated,-1,1664985988,549
695.326252,0.781291,image_element_rare,rare,-1,1664985990,550
695.913143,0,keydown,rare,32,1664985990,550
696.130982,1.515706,gap_element,auto_generated,-1,1664985990,551
697.670127,0.781292,image_element_rare,rare,-1,1664985992,552
698.278143,0,keydown,rare,32,1664985993,552
698.474857,1.328196,gap_element,auto_generated,-1,1664985993,553
699.818679,0.781292,image_element_common,common,-1,1664985994,554
700.62341,1.734468,gap_element,auto_generated,-1,1664985995,555
702.381316,0.781292,image_element_common,common,-1,1664985997,556
703.186047,1.562584,gap_element,auto_generated,-1,1664985997,557
704.772069,0.781292,image_element_common,common,-1,1664985999,558
705.568987,1.882913,gap_element,auto_generated,-1,1664986000,559
707.467526,0.781292,image_element_common,common,-1,1664986002,560
708.272256,1.945417,gap_element,auto_generated,-1,1664986003,561
710.241112,0.781292,image_element_common,common,-1,1664986004,562
711.038029,1.000054,gap_element,auto_generated,-1,1664986005,563
712.061522,0.781292,image_element_common,common,-1,1664986006,564
712.858439,1.25788,gap_element,auto_generated,-1,1664986007,565
714.139758,0.781292,image_element_common,common,-1,1664986008,566
714.944488,1.218816,gap_element,auto_generated,-1,1664986009,567
716.186742,0.781292,image_element_rare,rare,-1,1664986010,568
716.757143,0,keydown,rare,32,1664986011,568
716.991473,1.937603,gap_element,auto_generated,-1,1664986011,569
718.952515,0.781292,image_element_common,common,-1,1664986013,570
719.757246,1.82041,gap_element,auto_generated,-1,1664986014,571
721.593282,0.781291,image_element_common,common,-1,1664986016,572
722.398012,1.461016,gap_element,auto_generated,-1,1664986017,573
723.882466,0.781292,image_element_common,common,-1,1664986018,574
724.687197,0.898485,gap_element,auto_generated,-1,1664986019,575
725.601308,0.781292,image_element_rare,rare,-1,1664986020,576
726.243143,0,keydown,rare,32,1664986020,576
726.406039,1.68759,gap_element,auto_generated,-1,1664986021,577
728.117068,0.781292,image_element_common,common,-1,1664986022,578
728.913986,1.586022,gap_element,auto_generated,-1,1664986023,579
730.523447,0.773479,image_element_common,common,-1,1664986025,580
731.320364,0.976615,gap_element,auto_generated,-1,1664986026,581
732.320418,0.781291,image_element_common,common,-1,1664986027,582
733.125148,1.226628,gap_element,auto_generated,-1,1664986027,583
734.375215,0.781292,image_element_common,common,-1,1664986029,584
735.179946,0.976614,gap_element,auto_generated,-1,1664986029,585
736.179999,0.781292,image_element_common,common,-1,1664986030,586
736.98473,0.93755,gap_element,auto_generated,-1,1664986031,587
737.945719,0.781291,image_element_common,common,-1,1664986032,588
738.750449,1.492267,gap_element,auto_generated,-1,1664986033,589
740.266155,0.781292,image_element_common,common,-1,1664986035,590
741.070886,1.906352,gap_element,auto_generated,-1,1664986035,591
742.992863,0.781292,image_element_common,common,-1,1664986037,592
743.797594,1.609461,gap_element,auto_generated,-1,1664986038,593
745.422681,0.781292,image_element_common,common,-1,1664986040,594
746.227412,1.492267,gap_element,auto_generated,-1,1664986040,595
747.743118,0.781291,image_element_common,common,-1,1664986042,596
748.547848,1.812597,gap_element,auto_generated,-1,1664986043,597
750.383884,0.773479,image_element_common,common,-1,1664986045,598
751.180801,1.76572,gap_element,auto_generated,-1,1664986045,599
752.96996,0.781292,image_element_common,common,-1,1664986047,600
753.766877,1.875101,gap_element,auto_generated,-1,1664986048,601
755.665416,0.773479,image_element_common,common,-1,1664986050,602
756.462334,1.289131,gap_element,auto_generated,-1,1664986051,603
757.774904,0.773479,image_element_rare,rare,-1,1664986052,604
758.370143,0,keydown,rare,32,1664986053,604
758.571822,1.968855,gap_element,auto_generated,-1,1664986053,605
760.564116,0.781292,image_element_common,common,-1,1664986055,606
761.368846,1.906352,gap_element,auto_generated,-1,1664986056,607
763.290824,0.781292,image_element_rare,rare,-1,1664986058,608
763.873143,0,keydown,rare,32,1664986058,608
764.095555,1.921977,gap_element,auto_generated,-1,1664986058,609
766.040971,0.781292,image_element_common,common,-1,1664986060,610
766.837889,1.6329,gap_element,auto_generated,-1,1664986061,611
768.486414,0.781292,image_element_common,common,-1,1664986063,612
769.291145,1.367261,gap_element,auto_generated,-1,1664986064,613
770.681845,0.773478,image_element_common,common,-1,1664986065,614
771.478762,1.695403,gap_element,auto_generated,-1,1664986066,615
773.197604,0.781292,image_element_common,common,-1,1664986067,616
774.002335,1.242253,gap_element,auto_generated,-1,1664986068,617
775.268027,0.781292,image_element_common,common,-1,1664986070,618
776.064945,1.648526,gap_element,auto_generated,-1,1664986070,619
777.736909,0.781292,image_element_common,common,-1,1664986072,620
778.54164,0.88286,gap_element,auto_generated,-1,1664986073,621
779.447938,0.773479,image_element_rare,rare,-1,1664986074,622
780.154143,0,keydown,rare,32,1664986074,622
780.244856,1.757906,gap_element,auto_generated,-1,1664986074,623
782.026201,0.781292,image_element_common,common,-1,1664986076,624
782.830932,1.468828,gap_element,auto_generated,-1,1664986077,625
784.323199,0.773479,image_element_common,common,-1,1664986079,626
785.120117,1.468828,gap_element,auto_generated,-1,1664986079,627
786.612384,0.781292,image_element_common,common,-1,1664986081,628
787.417115,1.718842,gap_element,auto_generated,-1,1664986082,629
789.159395,0.781292,image_element_common,common,-1,1664986083,630
789.964126,1.578209,gap_element,auto_generated,-1,1664986084,631
791.565774,0.781292,image_element_common,common,-1,1664986086,632
792.370504,0.82817,gap_element,auto_generated,-1,1664986087,633
793.222112,0.781292,image_element_rare,rare,-1,1664986087,634
793.851143,0,keydown,rare,32,1664986088,634
794.026843,1.343822,gap_element,auto_generated,-1,1664986088,635
795.394104,0.773479,image_element_common,common,-1,1664986090,636
796.191021,1.6329,gap_element,auto_generated,-1,1664986090,637
797.84736,0.781292,image_element_common,common,-1,1664986092,638
798.65209,0.960989,gap_element,auto_generated,-1,1664986093,639
799.636518,0.781292,image_element_common,common,-1,1664986094,640
800.441249,1.703216,gap_element,auto_generated,-1,1664986095,641
802.167903,0.773479,image_element_common,common,-1,1664986096,642
802.964821,1.796971,gap_element,auto_generated,-1,1664986097,643
804.785231,0.781292,image_element_common,common,-1,1664986099,644
805.589962,1.718841,gap_element,auto_generated,-1,1664986100,645
807.332242,0.781292,image_element_common,common,-1,1664986102,646
808.136973,1.531332,gap_element,auto_generated,-1,1664986102,647
809.691743,0.781292,image_element_common,common,-1,1664986104,648
810.496474,1.476642,gap_element,auto_generated,-1,1664986105,649
811.996554,0.781292,image_element_rare,rare,-1,1664986106,650
812.576143,0,keydown,rare,32,1664986107,650
812.801285,1.828223,gap_element,auto_generated,-1,1664986107,651
814.652946,0.773479,image_element_common,common,-1,1664986109,652
815.449864,1.023492,gap_element,auto_generated,-1,1664986110,653
816.496795,0.773479,image_element_common,common,-1,1664986111,654
817.293712,1.468829,gap_element,auto_generated,-1,1664986112,655
818.78598,0.773479,image_element_common,common,-1,1664986113,656
819.582897,1.421952,gap_element,auto_generated,-1,1664986114,657
821.028287,0.781292,image_element_common,common,-1,1664986115,658
821.833018,1.546958,gap_element,auto_generated,-1,1664986116,659
823.403414,0.773479,image_element_common,common,-1,1664986118,660
824.200332,1.398512,gap_element,auto_generated,-1,1664986118,661
825.622283,0.773479,image_element_common,common,-1,1664986120,662
826.427013,1.796972,gap_element,auto_generated,-1,1664986121,663
828.247423,0.781292,image_element_rare,rare,-1,1664986122,664
828.800143,0,keydown,rare,32,1664986123,664
829.052154,0.789105,gap_element,auto_generated,-1,1664986123,665
829.87251,0.773479,image_element_common,common,-1,1664986124,666
830.669428,1.539145,gap_element,auto_generated,-1,1664986125,667
832.232011,0.773479,image_element_common,common,-1,1664986126,668
833.028929,1.929791,gap_element,auto_generated,-1,1664986127,669
834.989971,0.773479,image_element_rare,rare,-1,1664986129,670
835.535143,0,keydown,rare,32,1664986130,670
835.786889,1.046931,gap_element,auto_generated,-1,1664986130,671
836.865072,0.773479,image_element_common,common,-1,1664986131,672
837.66199,1.718841,gap_element,auto_generated,-1,1664986132,673
839.40427,0.781292,image_element_common,common,-1,1664986134,674
840.209001,1.961042,gap_element,auto_generated,-1,1664986134,675
842.193482,0.781291,image_element_common,common,-1,1664986136,676
842.998212,0.789105,gap_element,auto_generated,-1,1664986137,677
843.810756,0.773479,image_element_common,common,-1,1664986138,678
844.607673,0.984428,gap_element,auto_generated,-1,1664986139,679
845.61554,0.781292,image_element_common,common,-1,1664986140,680
846.42027,1.054744,gap_element,auto_generated,-1,1664986141,681
847.498453,0.781292,image_element_rare,rare,-1,1664986142,682
848.051143,0,keydown,rare,32,1664986142,682
848.303184,0.890672,gap_element,auto_generated,-1,1664986143,683
849.217295,0.773479,image_element_common,common,-1,1664986143,684
850.022025,0.992241,gap_element,auto_generated,-1,1664986144,685
851.037705,0.773479,image_element_common,common,-1,1664986145,686
851.834622,1.726655,gap_element,auto_generated,-1,1664986146,687
853.592529,0.781292,image_element_rare,rare,-1,1664986148,688
854.110143,0,keydown,rare,32,1664986148,688
854.39726,1.117247,gap_element,auto_generated,-1,1664986149,689
855.537946,0.773478,image_element_rare,rare,-1,1664986150,690
856.084143,0,keydown,rare,32,1664986150,690
856.342676,1.390699,gap_element,auto_generated,-1,1664986151,691
857.756814,0.781292,image_element_rare,rare,-1,1664986152,692
858.228143,0,keydown,rare,32,1664986152,692
858.561545,1.562583,gap_element,auto_generated,-1,1664986153,693
860.147567,0.781292,image_element_common,common,-1,1664986154,694
860.952298,1.796971,gap_element,auto_generated,-1,1664986155,695
862.772708,0.773478,image_element_common,common,-1,1664986157,696
863.569625,1.867287,gap_element,auto_generated,-1,1664986158,697
865.460351,0.773479,image_element_common,common,-1,1664986160,698
866.257269,0.789104,gap_element,auto_generated,-1,1664986160,699
867.077625,0.773479,image_element_common,common,-1,1664986161,700
867.874543,1.906352,gap_element,auto_generated,-1,1664986162,701
869.804334,0.781291,image_element_common,common,-1,1664986164,702
870.609064,1.945417,gap_element,auto_generated,-1,1664986165,703
872.585732,0.773479,image_element_common,common,-1,1664986167,704
873.38265,1.109434,gap_element,auto_generated,-1,1664986168,705
874.515523,0.773479,image_element_common,common,-1,1664986169,706
875.320253,1.937604,gap_element,auto_generated,-1,1664986170,707
877.281296,0.773479,image_element_common,common,-1,1664986172,708
878.086026,0.789105,gap_element,auto_generated,-1,1664986172,709
878.89857,0.781292,image_element_common,common,-1,1664986173,710
879.703301,1.257879,gap_element,auto_generated,-1,1664986174,711
880.992432,0.773479,image_element_common,common,-1,1664986175,712
881.78935,1.531331,gap_element,auto_generated,-1,1664986176,713
883.351933,0.773479,image_element_common,common,-1,1664986178,714
884.148851,1.74228,gap_element,auto_generated,-1,1664986178,715
885.922383,0.773479,image_element_rare,rare,-1,1664986180,716
886.462143,0,keydown,rare,32,1664986181,716
886.719301,1.289131,gap_element,auto_generated,-1,1664986181,717
888.031871,0.773479,image_element_common,common,-1,1664986182,718
888.828789,1.648525,gap_element,auto_generated,-1,1664986183,719
890.500753,0.781292,image_element_common,common,-1,1664986185,720
891.305483,1.859475,gap_element,auto_generated,-1,1664986186,721
893.188397,0.773479,image_element_common,common,-1,1664986187,722
893.993127,1.492268,gap_element,auto_generated,-1,1664986188,723
895.508833,0.773479,image_element_common,common,-1,1664986190,724
896.313564,1.796971,gap_element,auto_generated,-1,1664986191,725
898.133974,0.773479,image_element_common,common,-1,1664986192,726
898.930891,0.796918,gap_element,auto_generated,-1,1664986193,727
899.751248,0.773479,image_element_common,common,-1,1664986194,728
900.555978,1.414138,gap_element,auto_generated,-1,1664986195,729
901.993555,0.781292,image_element_common,common,-1,1664986196,730
902.798286,0.781292,gap_element,auto_generated,-1,1664986197,731
903.603016,0.781292,image_element_common,common,-1,1664986198,732
904.407747,1.742281,gap_element,auto_generated,-1,1664986199,733
906.150028,0,last_stimuli,2022-10-05T12:09:58.702000-04:00,-1,1664986200,734
906.165653,0,finish_running,2022-10-05T12:10:00.401000-04:00,-1,1664986200,735
